sRNA,mRNA,sRNA fragment (5'-3'),mRNA fragment (5'-3'),total_hybrids,min. MFE,in RIL-seq?,Exponential Phase,Transition Phase,Stationary Phase,,Summary:,name,#unique intercations,#interactions,length,,sequence
rdlB,aceK,TCTGGTTTCAAGATTAGCCCCCGTTCTGTTGTCAGGTTTTACCTCTCAACGTGCGGGGGTTTTCT,ACGTTGGTCTGGTCGTGGAGCAACTGCGCTGCATTACTAACGGCCAAAGTACGGACGCGGCA,1,-27.5,No,No,No,Yes,,,rdlB,3,4,66,,GTCTGGTTTCAAGATTAGCCCCCGTTCTGTTGTCAGGTTTTACCTCTCAACGTGCGGGGGTTTTCT
rdlB,minC,TCTGTTGTCAGGTTTTACCTCTCAACGTGCGGGGGTTTTCT,ATCGCTCAGGCCCCCGCATTTT,2,-22.2,No,Yes,No,No,,,rybB,23,106,81,,GCCACTGCTTTTCTTTGATGTCCCCATTTTGTGGAGCCCATCAACCCCGCCATTTCGGTTCAAGGTTGATGGGTTTTTTGT
rdlB,trxA,TCTGGTTTCAAGATTAGCCCCCGTTCTGTTGTCAGGTTTTACCTCTCAACGTGCGGGGGTTTTCT,TTATTCCTGTGGAGTTATATATGAGCGATA,1,-14.7,No,No,Yes,No,,,ryhB,8,165,90,,GCGATCAGGAAGACCCTCGCGGAGAACCTGAAAGCACGACATTGCTCACATTGCTTCCAGTATTACTTAGCCAGCCGGGTGCTGGCTTTT
rybB,fadL,GCCACTGCTTTTCTTTGATGTCCCCATTTTGTGGAGCCCATCAACCCC,AAGTCTGCTCTCGCAGTCGCAGTGGCACTTA,4,-29.2,Yes,No,No,Yes,,,,,,,,
rybB,ygcE,GCCACTGCTTTTCTTTGATGTCCCCATTTTGTGGAGCCCATCAACCCCGCC,CTGGAAAGCGTGGCGCTGACGC,3,-25.2,No,Yes,No,No,,,,,,,,
rybB,cysP,GCCACTGCTTTTCTTTGATGTCCCCATTTTGTGGAGCCCATCAACCCCGC,TATCTGGCGGCATGGGGCGCAGCGGATAAAGCTGACGGTG,1,-25.3,No,No,Yes,No,,,,,,,,
rybB,rhtC,TTTTCTTTGATGTCCCCATTTTGTGGAGCCCATCAACCCCGCCATTTCGGTTCAAGGTTGATGGGTTTTTTG,TTTGATTATTTCGCGGTGATGCCAGACGCGT,1,-14.9,No,No,Yes,No,,,,,,,,
rybB,paaX,CCGCCATTTCGGTTCAAGGTTGATGGGTTTTTTG,TTTGCATGAAGCGGGTGTGGCGGATAACGTGATTTGTTTTGAAGCGC,1,-21.4,No,No,Yes,No,,,,,,,,
rybB,rspB,ATTTCGGTTCAAGGTTGATGGGTTTTTTGT,ATTCCTGAAGCAGTGGCCGAT,1,-13,No,No,No,Yes,,,,,,,,
rybB,ftsI,GCCACTGCTTTTCTTTGATGTCCCCATTTTGTGGAGCCCATCAACCCCGCCATTTCGGTTCAAGGTTGATGGGTTTTTTG,ACTTACTCACGTTTTGGACTGGGAAAAGCGACCAATTTGGGGTTGGTCGGAGAACGCAGTGGCTTATATCC,6,-55.1,Yes,Yes,No,Yes,,,,,,,,
rybB,ydgD,GCCACTGCTTTTCTTTGATGTCCCCATTTTGTGGAGCCCATCAACCCCGCCATTTCGGTT,CTCCAAAGGGTAAAGCCGATAAAGCAGTGGCGCTGCGTTTTGTGTCAAAT,5,-28.9,No,No,No,Yes,,,,,,,,
rybB,tnaA,CCATTTCGGTTCAAGGTTGATGGGTTTTT,GGATTATGTAATGGAAAACTTTAAACATCTCCCTGAACCGTTCC,4,-20.5,No,No,Yes,No,,,,,,,,
rybB,folC,GCCATTTCGGTTCAAGGTTGATGGGTTTTTTG,GAAGTGATTGACGCGAGGAGAAGCGGTGGCAAG,2,-17,No,No,Yes,No,,,,,,,,
rybB,ompA,GCCACTGCTTTTCTTTGATGTCCCCATTTTGTGGAGCCCATCAACCCCGCCATTTCGGTTCAAGGTTGATGGGTTTTTTG,TAACGAGGCGCAAAAAATGAAAAAGACAGCTATCGCGATTGCAGTGGCACTGGCTG,3,-34.6,Yes,Yes,Yes,No,,,,,,,,
rybB,rimP,CATTTTGTGGAGCCCATCAACCCCGCCATTTCG,ATGTCTTGGGGGTGGGCTTGTCCAC,1,-23.5,No,No,Yes,No,,,,,,,,
rybB,inaA,GCCACTGCTTTTCTTTGATGTCCCCATTTTGTGGAGCCCATCAACCCCGCCATTTCGGTTCAAGGTTGATGGGTTTTTTGT,CCATGTTGAAAGCAGTGGCGCTG,14,-26.5,No,No,Yes,Yes,,,,,,,,
rybB,oppA,TTTCGGTTCAAGGTTGATGGGTTTTTTGT,TTACTTGTTCACCCATCAACTTCACCG,5,-22.6,No,Yes,Yes,No,,,,,,,,
rybB,ilvL,CTTTGATGTCCCCATTTTGTGGAGCCCATCAACCCCGCCATTTCGGTTCAAGGTTGATGGGTTTTTTG,TTATCCCACCGTGCGGGGCTGCACTTGGACGAGG,1,-24.7,No,No,Yes,No,,,,,,,,
rybB,glf,GCCACTGCTTTTCTTTGATGTCCCCATTTTGTGGAGCCCATCAACCCCGCCATTTCGGTTCAAGGTTGATGGGTTTTTTGT,TTATACGGAGAAGCAGTGGG,1,-22,No,No,Yes,No,,,,,,,,
rybB,yqjA,TTTTGTGGAGCCCATCAACCCCGCCATTT,GCGAAAGGCGCGATGGGCTATCCGCAAACGAT,4,-28.1,No,No,No,Yes,,,,,,,,
rybB,rbsB,TTTCGGTTCAAGGTTGATGGGTTTTTTGT,GATGAACGTGTAATATAAAGAAAAGCAGGGCACGCGCCACCCTAACACGGTGGCGCATTTT,1,-13.7,No,No,Yes,Yes,,,,,,,,
rybB,rbsB,GCCACTGCTTTTCTTTGATGTCCCCATTTTGTGGAGCCCATCAACCCCGCCATTTCGGTTCAAGGTTGATGGGTTTTTTGT,AGATGAACGTGTAATATAAAGAAAAGCAGGGCACGCGCCACCCTAACACGGTGGCGCATTTTA,25,-30.2,No,Yes,Yes,Yes,,,,,,,,
rybB,pphA,TTTTCTTTGATGTCCCCATTTTGTGGAGCCCATCAACCCCGCCATTTCGGTTCAAGGTTGATGGGTTTTTTG,ATTTCCCTGGACCGAATACAGGAATCGTGTTCGGTCTCTTTT,2,-22.9,No,Yes,No,Yes,,,,,,,,
rybB,ompC,GCCACTGCTTTTCTTTGATGTCCCCATTTTGTGGAGCCCATCAACCCCGCCATTTCGGTTCA,AATGAGGGTTAATCAGTATGCAGTGGCATAAAAAAG,8,-28.9,Yes,No,Yes,Yes,,,,,,,,
rybB,nuoA,CCCCGCCATTTCGGTTCAAGGTTGATGGGTTTTTTG,GGTTTTTTTTATTCCTCCCCATGAATCGATGTGGCGTC,3,-26.4,No,No,Yes,No,,,,,,,,
rybB,ygiM,GCCATTTCGGTTCAAGGTTGATGGGTTTTTTGT,TAAAAGTTTGAAGCAGTGGCAAGACCT,10,-15.6,No,No,Yes,Yes,,,,,,,,
ryhB,ygiQ,CATTGCTCACATTGCTTCCAGTATTACTTAGCCAGC,CCTTTGATTATTTTTTTATCATTTCTGGAAGCAAAATGAGCTCTA,9,-24.6,No,No,No,Yes,,,,,,,,
ryhB,ahpC,TATTACTTAGCCAGCCGGGTG,ACCCGGCTGACTTTACTT,2,-19.8,No,Yes,No,No,,,,,,,,
ryhB,gmr,ATTGCTCACATTGCTTCCAGTATTACTTAGCCAGCCGGGTGCTGGCTTTT,TCACAAAGCGCGCTGGAAGCAATG,1,-25.4,No,Yes,No,No,,,,,,,,
ryhB,sdhC,GCGATCAGGAAGACCCTCGCGGAGAACCTGAAAGCACGACATTGCTCACATTGCTTCCAGTATT,TCCTTTGTTATTACTGTCGTGCTTTCACTTCTCGCAGGAGTCCTCGT,130,-38.6,Yes,Yes,Yes,Yes,,,,,,,,
ryhB,ydcI,GCGATCAGGAAGACCCTCGCGGAGAACCTGAAAGCACGACATTGCTCACATTGCTTCCAG,GTTCACCCGCTCCGCGAGGTTC,1,-24.6,No,No,No,Yes,,,,,,,,
ryhB,yncE,ATTGCTCACATTGCTTCCAGTATT,TAGCGAAGCATTGTGAAGCAGCA,1,-20,Yes,Yes,No,No,,,,,,,,
ryhB,yecA,CCTCGCGGAGAACCTGAAAGCACGACATTGCTCACATTGCTTCCAGTATTACTTAGCCAGCCGGGTGCTGGCTTTT,ATAAAATCAAAGCAATAAGCAGTGTCGTGAAACCACCTTCGGGTGGTTTTTTTG,9,-35.5,No,Yes,No,Yes,,,,,,,,
ryhB,sdhC,ATTGCTCACATTGCTTCCAGTATTACTTAGCCAGCCGGGTGCTGGCTTTT,GCGTTGTAACGTGTCGTTTTCGCATCTGGAAGCAGTGTTTTGCATGACGCG,12,-29.5,Yes,No,Yes,Yes,,,,,,,,
